case,method,fitted_alignment_rmse_px,feature_matches,structure_equations
chain,gesgsp,0.127784718645,320,4654
chain,niswgsp,0.102642396796,320,0
chain,rew,0.148156160608,320,0
library,gesgsp,2.63632256003,51,4352
library,niswgsp,1.49910792644,51,0
library,rew,5.95339478134,51,0
parallax,gesgsp,0.937452707725,115,3156
parallax,niswgsp,0.414009498,115,0
parallax,rew,0.998684369763,115,0
ship,gesgsp,3.36966959316,58,2870
ship,niswgsp,1.91801144051,58,0
ship,rew,2.53265178658,58,0
town_hall,gesgsp,0.956689654226,12,3836
town_hall,niswgsp,0.747619822501,12,0
town_hall,rew,0.630424862633,12,0
translation,gesgsp,0.0695513406556,141,3112
translation,niswgsp,0.0585264172267,141,0
translation,rew,0.0878791190403,141,0
