case,path,width,height,sha256
translation,synthetic/view0.png,400,280,5d8cf406ae6331222131503ac7cfbfdf72d51d24b3142ac2800ae099d7b5eba9
translation,synthetic/view1.png,400,280,ef11fb2d6c3975f296f38b69d3532abefa21c29a6e745fca76ed298b566125df
chain,synthetic/view0.png,400,280,5d8cf406ae6331222131503ac7cfbfdf72d51d24b3142ac2800ae099d7b5eba9
chain,synthetic/view1.png,400,280,ef11fb2d6c3975f296f38b69d3532abefa21c29a6e745fca76ed298b566125df
chain,synthetic/view2.png,400,280,d0240818186190355860bc14a5b46353c8f27a4612e60fe41e715782f9072e65
parallax,synthetic/view0.png,400,280,5d8cf406ae6331222131503ac7cfbfdf72d51d24b3142ac2800ae099d7b5eba9
parallax,synthetic/parallax1.png,400,280,c7b218e4a381a58cb3bf958bf4048ebaab0011e82744280d0b037414cadf1707
library,real/lib1.jpg,640,397,7e857d1863693e3487eba26c0ba50b705d8c244fd9786b7c9a51a2a73cb7e33c
library,real/lib2.jpg,640,397,02c7686e9106e55edfbcf4d5f4e58a6d12396dc79a00ed3e59b294f4c4bfe45a
town_hall,real/town_hall1.jpg,640,360,7fc3e3cb8c71ddd9d85224883b6d9a62723523b1ad15ca2ec789794b0628aef9
town_hall,real/town_hall2.jpg,640,360,734dbbfccd1c4953597a00263c0d133aa0211aef073f219b4f52ba110df734e6
ship,real/ship1.jpg,640,378,c450f916b8d4feaa91d9c72bd18af47c7b9502b68e8647305a29345f60a97728
ship,real/ship2.jpg,640,378,7f9243ff3fb56f3e7e78b9e36af8e62956af49807bb69669440a6324e7914d2e
