case,method,end_to_end,prepared,ratio_excluding_prepare
chain,gesgsp,2121.234309,1942.383607,1.0920779506969964
chain,niswgsp,805.963683,604.602836,1.3330464811117755
chain,rew,255.087611,44.947645,5.675216376742319
library,gesgsp,4143.08528,3744.721416,1.1063801067545156
library,niswgsp,2084.199673,1802.290291,1.1564173004802587
library,rew,366.546784,49.455465,7.411653777797864
parallax,gesgsp,711.042476,570.117355,1.2471861622244425
parallax,niswgsp,361.88913,219.297408,1.6502207358511052
parallax,rew,158.349489,17.770437,8.910838208424474
ship,gesgsp,2789.384695,2546.749443,1.095272525794364
ship,niswgsp,1903.914777,1693.169672,1.1244678005312156
ship,rew,244.392228,31.666003,7.717811054334833
town_hall,gesgsp,2923.804981,2626.464806,1.1132092744287854
town_hall,niswgsp,1509.83495,1275.285344,1.1839193142958286
town_hall,rew,296.873404,28.580072,10.387426735663926
translation,gesgsp,671.565471,535.660331,1.253715147706168
translation,niswgsp,357.92786,224.260259,1.5960378427994235
translation,rew,148.672616,19.580805,7.592773432961515
