case,method,scope,registration_ms,structure_ms,geometry_ms,render_ms,total_ms,wall_ms
chain,gesgsp,end_to_end,211.451338,6.210615,1896.532527,10.369426,2121.027777,2121.234309
chain,gesgsp,prepared,0.0,6.395664,1924.82451,10.668256,1942.274593,1942.383607
chain,niswgsp,end_to_end,207.592564,0.00015,585.761545,10.523899,804.013752,805.963683
chain,niswgsp,prepared,0.0,0.00016,593.901991,10.590709,604.502344,604.602836
chain,rew,end_to_end,209.647878,0.00014,33.653103,10.520253,254.893579,255.087611
chain,rew,prepared,0.0,5e-05,34.444809,10.592262,44.852431,44.947645
library,gesgsp,end_to_end,342.037935,18.240926,3770.87335,19.688482,4142.874161,4143.08528
library,gesgsp,prepared,0.0,17.435451,3708.040757,19.562327,3744.621055,3744.721416
library,niswgsp,end_to_end,314.825578,3e-05,1744.057638,19.471625,2083.950758,2084.199673
library,niswgsp,prepared,0.0,0.00018,1780.692308,20.109945,1799.852445,1802.290291
library,rew,end_to_end,318.778567,0.00015,22.896909,26.932625,366.282926,366.546784
library,rew,prepared,0.0,7.1e-05,22.453066,27.169094,49.355754,49.455465
parallax,gesgsp,end_to_end,139.885702,4.492194,560.222245,7.62007,710.862745,711.042476
parallax,gesgsp,prepared,0.0,4.398152,557.590797,7.501691,570.01484,570.117355
parallax,niswgsp,end_to_end,144.021548,3e-05,212.804467,7.399383,361.738292,361.88913
parallax,niswgsp,prepared,0.0,4e-05,211.694513,7.444486,219.197156,219.297408
parallax,rew,end_to_end,141.206557,0.00016,9.980409,7.626539,158.148096,158.349489
parallax,rew,prepared,0.0,5e-05,9.860235,7.39373,17.423143,17.770437
ship,gesgsp,end_to_end,207.688048,7.98711,2570.932531,13.463663,2789.167387,2789.384695
ship,gesgsp,prepared,0.0,7.997359,2525.402344,13.212263,2546.651886,2546.749443
ship,niswgsp,end_to_end,204.756288,4e-05,1675.332355,15.574324,1903.692471,1903.914777
ship,niswgsp,prepared,0.0,6.1e-05,1675.99134,15.731722,1692.278762,1693.169672
ship,rew,end_to_end,213.433753,0.00014,12.632378,18.134076,244.166258,244.392228
ship,rew,prepared,0.0,0.00015,14.111129,17.405138,31.570059,31.666003
town_hall,gesgsp,end_to_end,271.991705,10.393022,2625.103442,16.712121,2923.60501,2923.804981
town_hall,gesgsp,prepared,0.0,9.991557,2599.656301,16.799162,2626.364456,2626.464806
town_hall,niswgsp,end_to_end,252.489,0.000151,1242.840458,16.389965,1509.60301,1509.83495
town_hall,niswgsp,prepared,0.0,6e-05,1258.62207,17.699006,1275.180205,1275.285344
town_hall,rew,end_to_end,269.636192,0.00016,10.362906,17.363744,296.660943,296.873404
town_hall,rew,prepared,0.0,5e-05,10.705983,17.752116,28.466141,28.580072
translation,gesgsp,end_to_end,133.692858,4.122987,527.571316,7.246857,671.396646,671.565471
translation,gesgsp,prepared,0.0,4.133893,523.996846,7.413188,535.559519,535.660331
translation,niswgsp,end_to_end,131.560043,0.000151,218.062985,7.059025,357.717824,357.92786
translation,niswgsp,prepared,0.0,7e-05,216.988174,7.166025,224.162252,224.260259
translation,rew,end_to_end,129.724435,0.00015,11.464257,7.095399,148.514828,148.672616
translation,rew,prepared,0.0,3e-05,12.064482,7.123611,19.496328,19.580805
