case,method,scope,repeat,execution_order,wall_ms,process_cpu_ms,prepare_wall_ms,registration_reused,feature_extractions,actual_device,feature_matches,fitted_alignment_rmse_px,structure_equations,output_width,output_height,valid_pixels,registration_ms,structure_ms,geometry_ms,render_ms,total_ms
translation,gesgsp,end_to_end,0,0,664.194823,664.38482,151.00653,False,2,cpu,141,0.0695513406556,3112,582,282,161941,129.271672,4.122987,523.347017,7.246857,664.030305
translation,niswgsp,end_to_end,0,1,357.92786,357.976043,151.00653,False,2,cpu,141,0.0585264172267,0,582,282,161587,130.311949,0.000171,220.375843,7.017491,357.717824
translation,gesgsp,prepared,0,2,530.251498,530.221694,151.00653,True,0,cpu,141,0.0695513406556,3112,582,282,161941,0.0,4.088775,518.594311,7.413188,530.15383
translation,niswgsp,prepared,0,3,224.260259,224.432731,151.00653,True,0,cpu,141,0.0585264172267,0,582,282,161587,0.0,0.000171,216.988174,7.166025,224.162252
translation,rew,prepared,0,4,18.86128,18.866532,151.00653,True,0,cpu,141,0.0878791190403,0,583,284,162400,0.0,4e-05,11.695405,7.070351,18.771014
translation,rew,end_to_end,0,5,151.588733,151.581913,151.00653,False,2,cpu,141,0.0878791190403,0,583,284,162400,132.290994,0.00026,11.852893,7.269762,151.425366
translation,gesgsp,end_to_end,1,6,673.557711,673.555331,151.00653,False,2,cpu,141,0.0695513406556,3112,582,282,161941,133.799209,4.057378,528.432755,7.058713,673.389737
translation,rew,end_to_end,1,7,145.953716,146.114626,151.00653,False,2,cpu,141,0.0878791190403,0,583,284,162400,127.310825,0.000151,11.442594,7.031502,145.792513
translation,niswgsp,prepared,1,8,222.806537,222.849813,151.00653,True,0,cpu,141,0.0585264172267,0,582,282,161587,0.0,5e-05,215.666302,7.041917,222.714659
translation,niswgsp,end_to_end,1,9,351.441069,351.432594,151.00653,False,2,cpu,141,0.0585264172267,0,582,282,161587,129.831456,0.00014,214.368855,7.059025,351.273787
translation,rew,prepared,1,10,19.65026,18.792162,151.00653,True,0,cpu,141,0.0878791190403,0,583,284,162400,0.0,3e-05,12.433067,7.123611,19.561495
translation,gesgsp,prepared,1,11,534.425992,534.54644,151.00653,True,0,cpu,141,0.0695513406556,3112,582,282,161941,0.0,4.133893,520.421806,9.742791,534.337229
translation,gesgsp,prepared,2,12,536.336112,536.348313,151.00653,True,0,cpu,141,0.0695513406556,3112,582,282,161941,0.0,4.676502,523.996846,7.532067,536.240628
translation,niswgsp,end_to_end,2,13,356.823896,356.983726,151.00653,False,2,cpu,141,0.0585264172267,0,582,282,161587,131.560043,0.00016,218.062985,7.026925,356.66133
translation,rew,prepared,2,14,18.603882,18.606735,151.00653,True,0,cpu,141,0.0878791190403,0,583,284,162400,0.0,0.00016,11.492079,7.024502,18.520607
translation,rew,end_to_end,2,15,152.856754,152.860828,151.00653,False,2,cpu,141,0.0878791190403,0,583,284,162400,134.047813,0.000141,11.556916,7.095399,152.708511
translation,niswgsp,prepared,2,16,222.912317,222.936823,151.00653,True,0,cpu,141,0.0585264172267,0,582,282,161587,0.0,6e-05,215.368382,7.442842,222.819257
translation,gesgsp,end_to_end,2,17,670.265276,664.076743,151.00653,False,2,cpu,141,0.0695513406556,3112,582,282,161941,131.01464,4.061204,527.571316,7.40154,670.091525
translation,rew,end_to_end,3,18,148.672616,148.71702,151.00653,False,2,cpu,141,0.0878791190403,0,583,284,162400,129.724435,0.00015,11.464257,7.316101,148.514828
translation,gesgsp,end_to_end,3,19,722.732229,722.828583,151.00653,False,2,cpu,141,0.0695513406556,3112,582,282,161941,137.211613,4.195556,573.78568,7.299376,722.535382
translation,gesgsp,prepared,3,20,542.861531,543.047486,151.00653,True,0,cpu,141,0.0695513406556,3112,582,282,161941,0.0,4.175115,531.368431,7.171504,542.755652
translation,rew,prepared,3,21,19.682788,19.688906,151.00653,True,0,cpu,141,0.0878791190403,0,583,284,162400,0.0,3e-05,12.221859,7.36788,19.594275
translation,niswgsp,end_to_end,3,22,368.453131,368.584823,151.00653,False,2,cpu,141,0.0585264172267,0,582,282,161587,135.656529,0.00014,225.125765,7.511406,368.305608
translation,niswgsp,prepared,3,23,228.541346,228.546373,151.00653,True,0,cpu,141,0.0585264172267,0,582,282,161587,0.0,7e-05,219.942149,8.427278,228.377859
translation,gesgsp,end_to_end,4,24,671.565471,671.571449,151.00653,False,2,cpu,141,0.0695513406556,3112,582,282,161941,133.692858,7.184142,523.30663,7.16908,671.396646
translation,niswgsp,prepared,4,25,229.706984,229.842181,151.00653,True,0,cpu,141,0.0585264172267,0,582,282,161587,0.0,7e-05,222.546317,7.057401,229.609747
translation,rew,end_to_end,4,26,146.759352,146.766527,151.00653,False,2,cpu,141,0.0878791190403,0,583,284,162400,128.125074,0.00015,11.431958,7.031773,146.59883
translation,niswgsp,end_to_end,4,27,359.243747,359.275027,151.00653,False,2,cpu,141,0.0585264172267,0,582,282,161587,134.579636,0.000151,217.390332,7.100997,359.081572
translation,gesgsp,prepared,4,28,535.660331,535.784138,151.00653,True,0,cpu,141,0.0695513406556,3112,582,282,161941,0.0,4.122767,524.025187,7.375311,535.559519
translation,rew,prepared,4,29,19.580805,19.58407,151.00653,True,0,cpu,141,0.0878791190403,0,583,284,162400,0.0,3e-05,12.064482,7.428231,19.496328
chain,gesgsp,end_to_end,0,0,2087.083389,2087.352815,214.611131,False,3,cpu,320,0.127784718645,4654,761,282,211816,204.553676,6.030974,1865.905104,10.26624,2086.820962
chain,niswgsp,end_to_end,0,1,776.612883,776.586615,214.611131,False,3,cpu,320,0.102642396796,0,761,282,211532,200.504441,0.00015,565.724605,10.157065,776.39887
chain,gesgsp,prepared,0,2,1858.084017,1858.374788,214.611131,True,0,cpu,320,0.127784718645,4654,761,282,211816,0.0,5.952085,1841.308382,10.668256,1857.987751
chain,niswgsp,prepared,0,3,581.404442,581.606187,214.611131,True,0,cpu,320,0.102642396796,0,761,282,211532,0.0,0.00016,571.127866,10.167521,581.30353
chain,rew,prepared,0,4,44.947645,44.9462,214.611131,True,0,cpu,320,0.148156160608,0,763,284,212800,0.0,4e-05,34.196182,10.648977,44.852431
chain,rew,end_to_end,0,5,255.865046,255.866858,214.611131,False,3,cpu,320,0.148156160608,0,763,284,212800,210.499832,0.00014,34.613552,10.520253,255.646858
chain,gesgsp,end_to_end,1,6,2119.55385,2119.81027,214.611131,False,3,cpu,320,0.127784718645,4654,761,282,211816,213.40586,6.26669,1889.245804,10.369426,2119.36802
chain,rew,end_to_end,1,7,255.821171,256.019705,214.611131,False,3,cpu,320,0.148156160608,0,763,284,212800,209.647878,3e-05,33.653103,12.300558,255.61469
chain,niswgsp,prepared,1,8,593.039073,593.055541,214.611131,True,0,cpu,320,0.102642396796,0,761,282,211532,0.0,4e-05,582.536456,10.394063,592.938571
chain,niswgsp,end_to_end,1,9,805.963683,806.120029,214.611131,False,3,cpu,320,0.102642396796,0,761,282,211532,207.592564,0.00019,585.761545,10.647696,804.013752
chain,rew,prepared,1,10,48.688246,48.695351,214.611131,True,0,cpu,320,0.148156160608,0,763,284,212800,0.0,5e-05,37.98721,10.592262,48.586352
chain,gesgsp,prepared,1,11,1933.716918,1934.04067,214.611131,True,0,cpu,320,0.127784718645,4654,761,282,211816,0.0,6.349765,1915.622425,11.58602,1933.615115
chain,gesgsp,prepared,2,12,1943.136442,1943.382983,214.611131,True,0,cpu,320,0.127784718645,4654,761,282,211816,0.0,6.395664,1926.306024,10.272099,1943.033207
chain,niswgsp,end_to_end,2,13,792.326909,792.339115,214.611131,False,3,cpu,320,0.102642396796,0,761,282,211532,203.084196,0.00013,576.724669,10.523899,790.347776
chain,rew,prepared,2,14,44.361402,44.366188,214.611131,True,0,cpu,320,0.148156160608,0,763,284,212800,0.0,5e-05,33.734638,10.527093,44.26742
chain,rew,end_to_end,2,15,249.716551,249.756644,214.611131,False,3,cpu,320,0.148156160608,0,763,284,212800,206.087564,0.00014,33.171048,10.260681,249.531371
chain,niswgsp,prepared,2,16,604.602836,604.672402,214.611131,True,0,cpu,320,0.102642396796,0,761,282,211532,0.0,4e-05,593.901991,10.590709,604.502344
chain,gesgsp,end_to_end,2,17,2121.234309,2112.477708,214.611131,False,3,cpu,320,0.127784718645,4654,761,282,211816,207.794137,6.210615,1896.532527,10.428485,2121.027777
chain,rew,end_to_end,3,18,252.256616,252.2801,214.611131,False,3,cpu,320,0.148156160608,0,763,284,212800,208.621781,0.00014,33.153581,10.255283,252.041893
chain,gesgsp,end_to_end,3,19,2137.865701,2138.057556,214.611131,False,3,cpu,320,0.127784718645,4654,761,282,211816,211.451338,6.266409,1909.267418,10.609257,2137.658438
chain,gesgsp,prepared,3,20,1992.745676,1993.140467,214.611131,True,0,cpu,320,0.127784718645,4654,761,282,211816,0.0,6.682276,1975.181381,10.715648,1992.638523
chain,rew,prepared,3,21,47.670821,47.679319,214.611131,True,0,cpu,320,0.148156160608,0,763,284,212800,0.0,0.000301,36.66144,10.901217,47.570259
chain,niswgsp,end_to_end,3,22,822.719601,821.455944,214.611131,False,3,cpu,320,0.102642396796,0,761,282,211532,218.43678,0.00013,591.753438,10.383978,820.587627
chain,niswgsp,prepared,3,23,637.962165,637.676959,214.611131,True,0,cpu,320,0.102642396796,0,761,282,211532,0.0,0.00018,626.692472,11.160659,637.861282
chain,gesgsp,end_to_end,4,24,2282.5171,2282.842944,214.611131,False,3,cpu,320,0.127784718645,4654,761,282,211816,222.243631,6.155581,2043.479826,10.368064,2282.3116
chain,niswgsp,prepared,4,25,624.503026,624.480085,214.611131,True,0,cpu,320,0.102642396796,0,761,282,211532,0.0,0.00035,613.684473,10.710601,624.404167
chain,rew,end_to_end,4,26,255.087611,255.092105,214.611131,False,3,cpu,320,0.148156160608,0,763,284,212800,210.238805,0.00014,33.677481,10.965134,254.893579
chain,niswgsp,end_to_end,4,27,839.783613,839.824816,214.611131,False,3,cpu,320,0.102642396796,0,761,282,211532,224.877217,0.000151,603.830333,10.870621,839.593586
chain,gesgsp,prepared,4,28,1942.383607,1942.588704,214.611131,True,0,cpu,320,0.127784718645,4654,761,282,211816,0.0,6.843039,1924.82451,10.546603,1942.274593
chain,rew,prepared,4,29,44.795767,44.802918,214.611131,True,0,cpu,320,0.148156160608,0,763,284,212800,0.0,0.00029,34.444809,10.246862,44.697509
parallax,gesgsp,end_to_end,0,0,721.449776,721.570505,141.398112,False,2,cpu,115,0.937452707725,3156,579,281,159909,145.0914,4.95419,563.524453,7.652069,721.268192
parallax,niswgsp,end_to_end,0,1,372.749511,372.797674,141.398112,False,2,cpu,115,0.414009498,0,581,282,161058,144.046024,0.00015,220.277302,8.2103,372.546936
parallax,gesgsp,prepared,0,2,577.943838,577.900293,141.398112,True,0,cpu,115,0.937452707725,3156,579,281,159909,0.0,4.398152,565.269025,8.136198,577.844728
parallax,niswgsp,prepared,0,3,220.477927,220.58399,141.398112,True,0,cpu,115,0.414009498,0,581,282,161058,0.0,4e-05,212.84665,7.529364,220.383555
parallax,rew,prepared,0,4,18.039652,18.044609,141.398112,True,0,cpu,115,0.998684369763,0,602,301,162610,0.0,5.1e-05,10.589267,7.357144,17.950827
parallax,rew,end_to_end,0,5,162.911833,162.956325,141.398112,False,2,cpu,115,0.998684369763,0,602,301,162610,143.546343,0.000191,11.37401,7.833102,162.76383
parallax,gesgsp,end_to_end,1,6,719.504386,719.463152,141.398112,False,2,cpu,115,0.937452707725,3156,579,281,159909,146.980421,4.190729,560.495197,7.62007,719.334059
parallax,rew,end_to_end,1,7,154.588813,154.596531,141.398112,False,2,cpu,115,0.998684369763,0,602,301,162610,136.240155,0.00015,10.316196,7.855105,154.422042
parallax,niswgsp,prepared,1,8,219.245319,219.194924,141.398112,True,0,cpu,115,0.414009498,0,581,282,161058,0.0,3e-05,211.694513,7.444486,219.14647
parallax,niswgsp,end_to_end,1,9,375.426193,375.429042,141.398112,False,2,cpu,115,0.414009498,0,581,282,161058,145.288549,0.00015,221.427629,8.516732,375.249266
parallax,rew,prepared,1,10,17.770437,17.778423,141.398112,True,0,cpu,115,0.998684369763,0,602,301,162610,0.0,0.00035,9.970084,7.445317,17.423143
parallax,gesgsp,prepared,1,11,570.117355,570.129045,141.398112,True,0,cpu,115,0.937452707725,3156,579,281,159909,0.0,4.401467,557.590797,7.972662,570.01484
parallax,gesgsp,prepared,2,12,571.049452,571.170917,141.398112,True,0,cpu,115,0.937452707725,3156,579,281,159909,0.0,4.433576,559.151791,7.323943,570.949992
parallax,niswgsp,end_to_end,2,13,360.714259,360.76883,141.398112,False,2,cpu,115,0.414009498,0,581,282,161058,144.021548,3e-05,209.191919,7.322001,360.547617
parallax,rew,prepared,2,14,16.918601,16.923871,141.398112,True,0,cpu,115,0.998684369763,0,602,301,162610,0.0,4e-05,9.575108,7.251665,16.83113
parallax,rew,end_to_end,2,15,162.844272,162.749076,141.398112,False,2,cpu,115,0.998684369763,0,602,301,162610,145.081598,0.00022,9.980409,7.626539,162.700705
parallax,niswgsp,prepared,2,16,219.297408,219.303214,141.398112,True,0,cpu,115,0.414009498,0,581,282,161058,0.0,0.0002,211.588663,7.60057,219.197156
parallax,gesgsp,end_to_end,2,17,711.042476,711.084582,141.398112,False,2,cpu,115,0.937452707725,3156,579,281,159909,138.001962,4.501217,560.222245,8.088466,710.862745
parallax,rew,end_to_end,3,18,156.134914,156.141751,141.398112,False,2,cpu,115,0.998684369763,0,602,301,162610,138.782188,0.00015,9.909442,7.272306,155.974923
parallax,gesgsp,end_to_end,3,19,691.564105,691.737373,141.398112,False,2,cpu,115,0.937452707725,3156,579,281,159909,139.302804,4.137529,540.585075,7.318515,691.390904
parallax,gesgsp,prepared,3,20,547.627054,547.543186,141.398112,True,0,cpu,115,0.937452707725,3156,579,281,159909,0.0,4.170989,535.808082,7.501691,547.522716
parallax,rew,prepared,3,21,16.994185,17.000014,141.398112,True,0,cpu,115,0.998684369763,0,602,301,162610,0.0,5e-05,9.500696,7.39373,16.898491
parallax,niswgsp,end_to_end,3,22,361.88913,362.083177,141.398112,False,2,cpu,115,0.414009498,0,581,282,161058,141.59457,3e-05,212.804467,7.326347,361.738292
parallax,niswgsp,prepared,3,23,217.354808,217.309636,141.398112,True,0,cpu,115,0.414009498,0,581,282,161058,0.0,5e-05,210.102442,7.147909,217.256901
parallax,gesgsp,end_to_end,4,24,691.359545,691.485179,141.398112,False,2,cpu,115,0.937452707725,3156,579,281,159909,139.885702,4.492194,539.236521,7.389913,691.052973
parallax,niswgsp,prepared,4,25,219.732223,219.79069,141.398112,True,0,cpu,115,0.414009498,0,581,282,161058,0.0,4e-05,212.293616,7.32857,219.63079
parallax,rew,end_to_end,4,26,158.349489,158.280566,141.398112,False,2,cpu,115,0.998684369763,0,602,301,162610,141.206557,0.00016,9.56502,7.366363,158.148096
parallax,niswgsp,end_to_end,4,27,353.342658,353.345892,141.398112,False,2,cpu,115,0.414009498,0,581,282,161058,135.812592,3e-05,209.940135,7.399383,353.164529
parallax,gesgsp,prepared,4,28,553.2717,553.022533,141.398112,True,0,cpu,115,0.937452707725,3156,579,281,159909,0.0,4.257413,541.543366,7.325201,553.164939
parallax,rew,prepared,4,29,17.789267,17.794436,141.398112,True,0,cpu,115,0.998684369763,0,602,301,162610,0.0,3e-05,9.860235,7.83505,17.700423
library,gesgsp,end_to_end,0,0,4090.04153,4090.365252,327.960165,False,2,cpu,51,2.63632256003,4352,995,463,415498,348.270393,17.321496,3704.441376,19.688482,4089.810132
library,niswgsp,end_to_end,0,1,2058.198167,2058.451506,327.960165,False,2,cpu,51,1.49910792644,0,1003,462,423651,314.665753,3e-05,1723.963566,19.309295,2057.951995
library,gesgsp,prepared,0,2,3780.389266,3781.052052,327.960165,True,0,cpu,51,2.63632256003,4352,995,463,415498,0.0,17.435451,3743.238626,19.562327,3780.289115
library,niswgsp,prepared,0,3,1766.224229,1766.360258,327.960165,True,0,cpu,51,1.49910792644,0,1003,462,423651,0.0,0.00018,1745.999431,20.109945,1766.119512
library,rew,prepared,0,4,52.21851,52.227639,327.960165,True,0,cpu,51,5.95339478134,0,1425,722,550413,0.0,0.00015,24.934312,27.169094,52.113141
library,rew,end_to_end,0,5,366.546784,366.654962,327.960165,False,2,cpu,51,5.95339478134,0,1425,722,550413,318.778567,4e-05,20.714116,26.775119,366.282926
library,gesgsp,end_to_end,1,6,4143.08528,4143.323062,327.960165,False,2,cpu,51,2.63632256003,4352,995,463,415498,332.21766,18.742212,3770.87335,20.985556,4142.874161
library,rew,end_to_end,1,7,393.288203,393.24569,327.960165,False,2,cpu,51,5.95339478134,0,1425,722,550413,342.849372,0.0002,22.746651,27.42713,393.037565
library,niswgsp,prepared,1,8,1802.290291,1802.661317,327.960165,True,0,cpu,51,1.49910792644,0,1003,462,423651,0.0,0.000301,1780.692308,19.15005,1799.852445
library,niswgsp,end_to_end,1,9,2078.61275,2078.814003,327.960165,False,2,cpu,51,1.49910792644,0,1003,462,423651,314.825578,0.00013,1744.057638,19.471625,2078.370285
library,rew,prepared,1,10,51.020796,51.030988,327.960165,True,0,cpu,51,5.95339478134,0,1425,722,550413,0.0,0.000151,23.431758,27.4782,50.920625
library,gesgsp,prepared,1,11,3744.721416,3745.117576,327.960165,True,0,cpu,51,2.63632256003,4352,995,463,415498,0.0,17.320832,3708.040757,19.205905,3744.621055
library,gesgsp,prepared,2,12,3741.473031,3741.967929,327.960165,True,0,cpu,51,2.63632256003,4352,995,463,415498,0.0,17.695537,3702.02978,21.588664,3741.370727
library,niswgsp,end_to_end,2,13,2084.199673,2084.394076,327.960165,False,2,cpu,51,1.49910792644,0,1003,462,423651,329.312635,3e-05,1735.227042,19.394476,2083.950758
library,rew,prepared,2,14,48.776751,48.786677,327.960165,True,0,cpu,51,5.95339478134,0,1425,722,550413,0.0,4.1e-05,22.453066,26.187909,48.65046
library,rew,end_to_end,2,15,366.368733,366.343558,327.960165,False,2,cpu,51,5.95339478134,0,1425,722,550413,316.558604,0.00014,23.836263,25.739873,366.151655
library,niswgsp,prepared,2,16,1838.770236,1839.008649,327.960165,True,0,cpu,51,1.49910792644,0,1003,462,423651,0.0,0.00036,1815.291783,21.096952,1836.398379
library,gesgsp,end_to_end,2,17,4252.643045,4253.16439,327.960165,False,2,cpu,51,2.63632256003,4352,995,463,415498,357.151684,18.240926,3857.190837,19.741418,4252.382362
library,rew,end_to_end,3,18,387.243853,387.347072,327.960165,False,2,cpu,51,5.95339478134,0,1425,722,550413,333.437717,0.00015,24.438421,29.036625,386.987736
library,gesgsp,end_to_end,3,19,4114.734619,4115.368888,327.960165,False,2,cpu,51,2.63632256003,4352,995,463,415498,324.272847,17.548983,3753.274385,19.361315,4114.515257
library,gesgsp,prepared,3,20,3940.171092,3927.924537,327.960165,True,0,cpu,51,2.63632256003,4352,995,463,415498,0.0,17.407139,3902.988573,19.616521,3940.066704
library,rew,prepared,3,21,49.455465,49.523113,327.960165,True,0,cpu,51,5.95339478134,0,1425,722,550413,0.0,5e-05,21.454191,27.891849,49.355754
library,niswgsp,end_to_end,3,22,2140.57408,2140.513341,327.960165,False,2,cpu,51,1.49910792644,0,1003,462,423651,338.941084,3e-05,1781.30982,20.065807,2140.332415
library,niswgsp,prepared,3,23,1810.730711,1810.701778,327.960165,True,0,cpu,51,1.49910792644,0,1003,462,423651,0.0,4e-05,1790.073662,20.543978,1810.627045
library,gesgsp,end_to_end,4,24,4214.198745,4214.517388,327.960165,False,2,cpu,51,2.63632256003,4352,995,463,415498,342.037935,18.441488,3834.041268,19.317801,4213.895598
library,niswgsp,prepared,4,25,1755.790149,1755.887205,327.960165,True,0,cpu,51,1.49910792644,0,1003,462,423651,0.0,0.00018,1735.893525,19.789403,1755.692281
library,rew,end_to_end,4,26,361.845773,361.884816,327.960165,False,2,cpu,51,5.95339478134,0,1425,722,550413,311.747164,0.000271,22.896909,26.932625,361.591029
library,niswgsp,end_to_end,4,27,2126.519394,2125.372313,327.960165,False,2,cpu,51,1.49910792644,0,1003,462,423651,313.400803,0.00015,1792.130272,20.755157,2126.300985
library,gesgsp,prepared,4,28,3696.505403,3696.7503,327.960165,True,0,cpu,51,2.63632256003,4352,995,463,415498,0.0,19.228026,3657.785081,19.326796,3696.404971
library,rew,prepared,4,29,46.826246,46.834121,327.960165,True,0,cpu,51,5.95339478134,0,1425,722,550413,0.0,7.1e-05,21.039488,25.680227,46.72961
town_hall,gesgsp,end_to_end,0,0,2881.973505,2882.069381,247.827177,False,2,cpu,12,0.956689654226,3836,985,418,355883,253.760986,9.870805,2602.219874,15.847847,2881.756278
town_hall,niswgsp,end_to_end,0,1,1509.83495,1509.90571,247.827177,False,2,cpu,12,0.747619822501,0,987,421,356522,250.357413,0.000151,1242.840458,16.389965,1509.60301
town_hall,gesgsp,prepared,0,2,2626.464806,2626.651185,247.827177,True,0,cpu,12,0.956689654226,3836,985,418,355883,0.0,9.907691,2599.656301,16.754875,2626.364456
town_hall,niswgsp,prepared,0,3,1275.285344,1275.517869,247.827177,True,0,cpu,12,0.747619822501,0,987,421,356522,0.0,0.00017,1256.985549,18.183869,1275.180205
town_hall,rew,prepared,0,4,29.607855,29.616593,247.827177,True,0,cpu,12,0.630424862633,0,1095,456,390638,0.0,0.00016,11.554232,17.887452,29.449937
town_hall,rew,end_to_end,0,5,298.82046,298.812741,247.827177,False,2,cpu,12,0.630424862633,0,1095,456,390638,269.996927,0.000131,10.43195,18.112261,298.555599
town_hall,gesgsp,end_to_end,1,6,2923.804981,2923.369611,247.827177,False,2,cpu,12,0.956689654226,3836,985,418,355883,271.991705,10.35915,2625.103442,16.09573,2923.60501
town_hall,rew,end_to_end,1,7,285.783847,285.789192,247.827177,False,2,cpu,12,0.630424862633,0,1095,456,390638,258.446786,0.00014,10.362906,16.742656,285.565568
town_hall,niswgsp,prepared,1,8,1261.499327,1261.622741,247.827177,True,0,cpu,12,0.747619822501,0,987,421,356522,0.0,3e-05,1245.343859,16.045103,1261.399037
town_hall,niswgsp,end_to_end,1,9,1477.770839,1477.825133,247.827177,False,2,cpu,12,0.747619822501,0,987,421,356522,239.826518,0.00013,1221.861582,15.854055,1477.557778
town_hall,rew,prepared,1,10,28.580072,28.587942,247.827177,True,0,cpu,12,0.630424862633,0,1095,456,390638,0.0,3e-05,10.705983,17.752116,28.466141
town_hall,gesgsp,prepared,1,11,2663.189289,2663.445613,247.827177,True,0,cpu,12,0.956689654226,3836,985,418,355883,0.0,9.782069,2635.932772,17.277841,2663.042307
town_hall,gesgsp,prepared,2,12,2619.877487,2620.03155,247.827177,True,0,cpu,12,0.956689654226,3836,985,418,355883,0.0,10.039768,2592.831995,16.853414,2619.775433
town_hall,niswgsp,end_to_end,2,13,1831.062263,1831.181937,247.827177,False,2,cpu,12,0.747619822501,0,987,421,356522,274.574066,0.000261,1537.116218,19.120069,1830.826848
town_hall,rew,prepared,2,14,30.439196,30.44781,247.827177,True,0,cpu,12,0.630424862633,0,1095,456,390638,0.0,0.000291,11.994875,18.332852,30.337452
town_hall,rew,end_to_end,2,15,306.134313,306.588686,247.827177,False,2,cpu,12,0.630424862633,0,1095,456,390638,277.52045,0.000311,10.589727,17.775652,305.898498
town_hall,niswgsp,prepared,2,16,1343.091005,1343.178655,247.827177,True,0,cpu,12,0.747619822501,0,987,421,356522,0.0,6e-05,1325.280911,17.699006,1342.991495
town_hall,gesgsp,end_to_end,2,17,2919.752982,2919.872259,247.827177,False,2,cpu,12,0.956689654226,3836,985,418,355883,277.388492,11.629895,2613.19015,17.279235,2919.542664
town_hall,rew,end_to_end,3,18,296.873404,296.877481,247.827177,False,2,cpu,12,0.630424862633,0,1095,456,390638,269.636192,0.000201,9.946037,17.063801,296.660943
town_hall,gesgsp,end_to_end,3,19,3033.775854,3034.069713,247.827177,False,2,cpu,12,0.956689654226,3836,985,418,355883,264.929876,10.430067,2741.319981,16.842106,3033.575631
town_hall,gesgsp,prepared,3,20,2661.695798,2661.967286,247.827177,True,0,cpu,12,0.956689654226,3836,985,418,355883,0.0,10.459111,2635.159533,15.923201,2661.59151
town_hall,rew,prepared,3,21,26.369913,26.29528,247.827177,True,0,cpu,12,0.630424862633,0,1095,456,390638,0.0,5e-05,8.802343,17.457364,26.267698
town_hall,niswgsp,end_to_end,3,22,1492.496856,1492.565594,247.827177,False,2,cpu,12,0.747619822501,0,987,421,356522,252.489,0.00015,1221.769043,18.0246,1492.297795
town_hall,niswgsp,prepared,3,23,1301.665931,1301.795684,247.827177,True,0,cpu,12,0.747619822501,0,987,421,356522,0.0,0.000301,1283.683154,17.870317,1301.563085
town_hall,gesgsp,end_to_end,4,24,2953.368742,2953.708541,247.827177,False,2,cpu,12,0.956689654226,3836,985,418,355883,272.456298,10.393022,2653.54142,16.712121,2953.157995
town_hall,niswgsp,prepared,4,25,1275.262142,1275.306481,247.827177,True,0,cpu,12,0.747619822501,0,987,421,356522,0.0,4e-05,1258.62207,16.526361,1275.158216
town_hall,rew,end_to_end,4,26,286.754097,286.758969,247.827177,False,2,cpu,12,0.630424862633,0,1095,456,390638,258.931591,0.00016,10.176676,17.363744,286.50485
town_hall,niswgsp,end_to_end,4,27,1545.586768,1545.701478,247.827177,False,2,cpu,12,0.747619822501,0,987,421,356522,263.767293,0.000151,1263.044182,16.150995,1542.977623
town_hall,gesgsp,prepared,4,28,2611.025083,2611.024652,247.827177,True,0,cpu,12,0.956689654226,3836,985,418,355883,0.0,9.991557,2584.084879,16.799162,2610.924791
town_hall,rew,prepared,4,29,25.49889,25.504412,247.827177,True,0,cpu,12,0.630424862633,0,1095,456,390638,0.0,3e-05,8.783725,16.617858,25.40618
ship,gesgsp,end_to_end,0,0,2656.636995,2656.813312,208.032803,False,2,cpu,58,3.36966959316,2870,667,389,231025,194.690444,7.98711,2441.048823,12.635962,2656.416933
ship,niswgsp,end_to_end,0,1,1836.097813,1836.441019,208.032803,False,2,cpu,58,1.91801144051,0,719,404,267160,196.036946,3e-05,1624.71793,15.075153,1835.845722
ship,gesgsp,prepared,0,2,2546.749443,2546.982375,208.032803,True,0,cpu,58,3.36966959316,2870,667,389,231025,0.0,7.997359,2525.402344,13.212263,2546.651886
ship,niswgsp,prepared,0,3,1776.415613,1776.554497,208.032803,True,0,cpu,58,1.91801144051,0,719,404,267160,0.0,4e-05,1760.396174,15.91499,1776.320119
ship,rew,prepared,0,4,31.666003,31.674096,208.032803,True,0,cpu,58,2.53265178658,0,996,523,323095,0.0,0.00016,13.350572,18.212386,31.570059
ship,rew,end_to_end,0,5,246.325084,246.372986,208.032803,False,2,cpu,58,2.53265178658,0,996,523,323095,216.19085,0.00021,12.632378,17.254181,246.090951
ship,gesgsp,end_to_end,1,6,2789.384695,2789.639066,208.032803,False,2,cpu,58,3.36966959316,2870,667,389,231025,196.527926,8.005397,2570.932531,13.653379,2789.167387
ship,rew,end_to_end,1,7,244.392228,244.475962,208.032803,False,2,cpu,58,2.53265178658,0,996,523,323095,213.433753,0.00024,12.584318,18.134076,244.166258
ship,niswgsp,prepared,1,8,1693.169672,1693.256308,208.032803,True,0,cpu,58,1.91801144051,0,719,404,267160,0.0,0.0005,1678.082239,14.90749,1693.000627
ship,niswgsp,end_to_end,1,9,1971.803727,1972.02688,208.032803,False,2,cpu,58,1.91801144051,0,719,404,267160,211.941401,0.00016,1742.504659,17.117174,1971.57969
ship,rew,prepared,1,10,32.490338,32.559844,208.032803,True,0,cpu,58,2.53265178658,0,996,523,323095,0.0,0.000161,14.978709,17.405138,32.39222
ship,gesgsp,prepared,1,11,2495.924685,2496.046203,208.032803,True,0,cpu,58,3.36966959316,2870,667,389,231025,0.0,7.867374,2475.058004,12.852182,2495.825755
ship,gesgsp,prepared,2,12,2674.779296,2674.97754,208.032803,True,0,cpu,58,3.36966959316,2870,667,389,231025,0.0,7.568303,2653.632124,13.398176,2674.644552
ship,niswgsp,end_to_end,2,13,1903.914777,1904.03906,208.032803,False,2,cpu,58,1.91801144051,0,719,404,267160,213.200855,4e-05,1675.332355,15.141865,1903.692471
ship,rew,prepared,2,14,34.325816,34.335457,208.032803,True,0,cpu,58,2.53265178658,0,996,523,323095,0.0,0.00015,15.27125,18.947695,34.227428
ship,rew,end_to_end,2,15,243.848955,243.904012,208.032803,False,2,cpu,58,2.53265178658,0,996,523,323095,211.607713,0.00014,13.6333,18.378737,243.63327
ship,niswgsp,prepared,2,16,1694.665411,1694.917288,208.032803,True,0,cpu,58,1.91801144051,0,719,404,267160,0.0,6.1e-05,1675.99134,16.277657,1692.278762
ship,gesgsp,end_to_end,2,17,2868.427329,2868.649078,208.032803,False,2,cpu,58,3.36966959316,2870,667,389,231025,210.901478,7.851079,2635.904377,13.463663,2868.174759
ship,rew,end_to_end,3,18,260.549257,260.601424,208.032803,False,2,cpu,58,2.53265178658,0,996,523,323095,227.605899,0.00013,13.851808,18.867622,260.33879
ship,gesgsp,end_to_end,3,19,2866.030876,2866.240662,208.032803,False,2,cpu,58,3.36966959316,2870,667,389,231025,213.91019,10.575948,2628.342729,12.929227,2865.809011
ship,gesgsp,prepared,3,20,2599.092226,2599.061171,208.032803,True,0,cpu,58,3.36966959316,2870,667,389,231025,0.0,8.054776,2577.156068,13.73351,2598.992506
ship,rew,prepared,3,21,29.551762,29.56082,208.032803,True,0,cpu,58,2.53265178658,0,996,523,323095,0.0,4e-05,12.048268,17.400088,29.455266
ship,niswgsp,end_to_end,3,22,1893.25626,1892.989262,208.032803,False,2,cpu,58,1.91801144051,0,719,404,267160,204.756288,0.00013,1671.5938,16.675895,1893.042748
ship,niswgsp,prepared,3,23,1683.422987,1683.684659,208.032803,True,0,cpu,58,1.91801144051,0,719,404,267160,0.0,0.00024,1668.175064,15.130786,1683.314733
ship,gesgsp,end_to_end,4,24,2767.484081,2767.724613,208.032803,False,2,cpu,58,3.36966959316,2870,667,389,231025,207.688048,7.733602,2537.536247,14.249166,2767.259762
ship,niswgsp,prepared,4,25,1660.586074,1660.633098,208.032803,True,0,cpu,58,1.91801144051,0,719,404,267160,0.0,4e-05,1644.744186,15.731722,1660.486293
ship,rew,end_to_end,4,26,239.786597,239.792622,208.032803,False,2,cpu,58,2.53265178658,0,996,523,323095,209.707002,0.00014,12.351775,17.48863,239.560557
ship,niswgsp,end_to_end,4,27,1941.713157,1941.895157,208.032803,False,2,cpu,58,1.91801144051,0,719,404,267160,197.220904,4e-05,1728.683496,15.574324,1941.492775
ship,gesgsp,prepared,4,28,2525.067202,2525.452129,208.032803,True,0,cpu,58,3.36966959316,2870,667,389,231025,0.0,8.440337,2503.435224,13.043959,2524.965279
ship,rew,prepared,4,29,31.466309,31.473196,208.032803,True,0,cpu,58,2.53265178658,0,996,523,323095,0.0,5e-05,14.111129,17.218444,31.335842
