case,method,scope,count,median_ms,mean_ms,minimum_ms,maximum_ms,p25_ms,p75_ms,iqr_ms
translation,gesgsp,end_to_end,5,671.565471,680.4631019999999,664.194823,722.732229,670.265276,673.557711,3.2924350000000686
translation,niswgsp,end_to_end,5,357.92786,358.7779406,351.441069,368.453131,356.823896,359.243747,2.419850999999994
translation,gesgsp,prepared,5,535.660331,535.9070928,530.251498,542.861531,534.425992,536.336112,1.9101200000000063
translation,niswgsp,prepared,5,224.260259,225.6454886,222.806537,229.706984,222.912317,228.541346,5.629029000000003
translation,rew,prepared,5,19.580805,19.275803,18.603882,19.682788,18.86128,19.65026,0.7889799999999987
translation,rew,end_to_end,5,148.672616,149.16623420000002,145.953716,152.856754,146.759352,151.588733,4.829380999999984
chain,gesgsp,end_to_end,5,2121.234309,2149.6508698,2087.083389,2282.5171,2119.55385,2137.865701,18.311851000000388
chain,niswgsp,end_to_end,5,805.963683,807.4813378,776.612883,839.783613,792.326909,822.719601,30.39269200000001
chain,gesgsp,prepared,5,1942.383607,1934.013332,1858.084017,1992.745676,1933.716918,1943.136442,9.41952399999991
chain,niswgsp,prepared,5,604.602836,608.3023084,581.404442,637.962165,593.039073,624.503026,31.463952999999947
chain,rew,prepared,5,44.947645,46.092776199999996,44.361402,48.688246,44.795767,47.670821,2.8750539999999987
chain,rew,end_to_end,5,255.087611,253.74939899999998,249.716551,255.865046,252.256616,255.821171,3.5645549999999844
parallax,gesgsp,end_to_end,5,711.042476,706.9840576,691.359545,721.449776,691.564105,719.504386,27.940280999999914
parallax,niswgsp,end_to_end,5,361.88913,364.8243502,353.342658,375.426193,360.714259,372.749511,12.035251999999957
parallax,gesgsp,prepared,5,570.117355,564.0018798,547.627054,577.943838,553.2717,571.049452,17.777751999999964
parallax,niswgsp,prepared,5,219.297408,219.22153699999998,217.354808,220.477927,219.245319,219.732223,0.4869040000000098
parallax,rew,prepared,5,17.770437,17.5024284,16.918601,18.039652,16.994185,17.789267,0.7950819999999972
parallax,rew,end_to_end,5,158.349489,158.9658642,154.588813,162.911833,156.134914,162.844272,6.70935799999998
library,gesgsp,end_to_end,5,4143.08528,4162.9406438,4090.04153,4252.643045,4114.734619,4214.198745,99.46412599999985
library,niswgsp,end_to_end,5,2084.199673,2097.6208128,2058.198167,2140.57408,2078.61275,2126.519394,47.90664400000014
library,gesgsp,prepared,5,3744.721416,3780.6520416,3696.505403,3940.171092,3741.473031,3780.389266,38.91623500000014
library,niswgsp,prepared,5,1802.290291,1794.7611232,1755.790149,1838.770236,1766.224229,1810.730711,44.506482000000005
library,rew,prepared,5,49.455465,49.659553599999995,46.826246,52.21851,48.776751,51.020796,2.244045
library,rew,end_to_end,5,366.546784,375.0586692,361.845773,393.288203,366.368733,387.243853,20.87511999999998
town_hall,gesgsp,end_to_end,5,2923.804981,2942.5352128,2881.973505,3033.775854,2919.752982,2953.368742,33.61576000000014
town_hall,niswgsp,end_to_end,5,1509.83495,1571.3503352,1477.770839,1831.062263,1492.496856,1545.586768,53.08991199999991
town_hall,gesgsp,prepared,5,2626.464806,2636.4504926,2611.025083,2663.189289,2619.877487,2661.695798,41.818310999999994
town_hall,niswgsp,prepared,5,1275.285344,1291.3607498,1261.499327,1343.091005,1275.262142,1301.665931,26.40378899999996
town_hall,rew,prepared,5,28.580072,28.0991852,25.49889,30.439196,26.369913,29.607855,3.2379420000000003
town_hall,rew,end_to_end,5,296.873404,294.8732242,285.783847,306.134313,286.754097,298.82046,12.066363000000024
ship,gesgsp,end_to_end,5,2789.384695,2789.5927951999997,2656.636995,2868.427329,2767.484081,2866.030876,98.54679499999975
ship,niswgsp,end_to_end,5,1903.914777,1909.3571468000002,1836.097813,1971.803727,1893.25626,1941.713157,48.4568969999998
ship,gesgsp,prepared,5,2546.749443,2568.3225704,2495.924685,2674.779296,2525.067202,2599.092226,74.02502400000003
ship,niswgsp,prepared,5,1693.169672,1701.6519514,1660.586074,1776.415613,1683.422987,1694.665411,11.242424000000028
ship,rew,prepared,5,31.666003,31.9000456,29.551762,34.325816,31.466309,32.490338,1.0240290000000023
ship,rew,end_to_end,5,244.392228,246.98042420000002,239.786597,260.549257,243.848955,246.325084,2.4761290000000145
